type,id,subreddit.id,subreddit.name,subreddit.nsfw,created_utc,permalink,body,sentiment,score
comment,i2x2j0g,2s5ti,meirl,false,1648771186,https://old.reddit.com/r/meirl/comments/tswh3j/meirl/i2x2j0g/,Yes teacher,,1
comment,i2x2hqk,2s5ti,meirl,false,1648771171,https://old.reddit.com/r/meirl/comments/tt9v20/meirl/i2x2hqk/,It‚Äôs worse if you‚Äôre a man teacher,-0.4767,5
comment,i2x2dv0,2s5ti,meirl,false,1648771121,https://old.reddit.com/r/meirl/comments/tt5aas/meirl/i2x2dv0/,They took university our jerbs!!!!,0.0,3
comment,i2x2d15,2s5ti,meirl,false,1648771110,https://old.reddit.com/r/meirl/comments/ttbnpo/meirl/i2x2d15/,It certainly can help you from a mental standpoint. Just like showering and grooming yourself.,0.765,3
comment,i2x28i1,2s5ti,meirl,false,1648771053,https://old.reddit.com/r/meirl/comments/tswh3j/meirl/i2x28i1/,Bottom picture,0.0,1
comment,i2x27un,2s5ti,meirl,false,1648771044,https://old.reddit.com/r/meirl/comments/tt5aas/meirl/i2x27un/,"That‚Äôs the beautiful thing about morality though, it‚Äôs fluid. Depending on the situation any of us can just take a second and reset the declination on our own little moral compasses to justify whatever we want to do in the moment.

Ethical? Probably not. But moral? Depends on the day really.",0.6261,1
comment,i2x26cp,2s5ti,meirl,false,1648771025,https://old.reddit.com/r/meirl/comments/tswh3j/meirl/i2x26cp/,"Depends on where I am, the beach/lake? The first one. A pool? 2 and 3",0.0,1
comment,i2x23wn,2s5ti,meirl,false,1648770994,https://old.reddit.com/r/meirl/comments/tswh3j/meirl/i2x23wn/,Same XD,,1
comment,i2x1z5b,2s5ti,meirl,false,1648770935,https://old.reddit.com/r/meirl/comments/tswh3j/meirl/i2x1z5b/,2 and 3 are so fun to do,0.6418,1
comment,i2x1vlk,2s5ti,meirl,false,1648770891,https://old.reddit.com/r/meirl/comments/tswh3j/meirl/i2x1vlk/,Is there any other way?,0.0,1
comment,i2x1u3q,2s5ti,meirl,false,1648770872,https://old.reddit.com/r/meirl/comments/tt8bw8/meirl/i2x1u3q/,All.,,1
comment,i2x1tza,2s5ti,meirl,false,1648770870,https://old.reddit.com/r/meirl/comments/tswh3j/meirl/i2x1tza/,This is the way,0.0,1
comment,i2x1sr6,2s5ti,meirl,false,1648770855,https://old.reddit.com/r/meirl/comments/tt5aas/meirl/i2x1sr6/,Well if you don‚Äôt have a job you can‚Äôt buy drugs,0.2732,7
comment,i2x1sdp,2s5ti,meirl,false,1648770851,https://old.reddit.com/r/meirl/comments/tt5aas/meirl/i2x1sdp/,It‚Äôs all so the US can become Tony Stark and create Iron man suits and create a suit of armor around the world. But not create an Ultron in the making,-0.0312,0
comment,i2x1jd7,2s5ti,meirl,false,1648770737,https://old.reddit.com/r/meirl/comments/tswh3j/meirl/i2x1jd7/,Bottom one,0.0,1
comment,i2x1ec9,2s5ti,meirl,false,1648770672,https://old.reddit.com/r/meirl/comments/tt5aas/meirl/i2x1ec9/,Meanwhile latin america crumbles into drug war related violence and corruption with weapons and money provided by the US so some white privileged MAGA bitch can say ‚Äúew latin america is such a shithole‚Äù. While she snorts her 5th coke line in a chilli‚Äôs bathroom.,-0.9107,106
comment,i2x1dbg,2s5ti,meirl,false,1648770660,https://old.reddit.com/r/meirl/comments/tt5aas/meirl/i2x1dbg/,"I didn't say it was up for us to decide. No matter what we think, it doesn't matter when it comes to that persons personal decisions. I'm not trying to impose on that. What I am stating is that, IN GENERAL(excluding mental health days or exceptions) you probably shouldn't leave work early to smoke. That doesn't mean they have to listen. It was a simple statement.",0.2235,1
comment,i2x1cwy,2s5ti,meirl,false,1648770655,https://old.reddit.com/r/meirl/comments/tswh3j/meirl/i2x1cwy/,I do the third but on my elbows,0.0,1
comment,i2x1b2l,2s5ti,meirl,false,1648770632,https://old.reddit.com/r/meirl/comments/tsw83z/me_irl/i2x1b2l/,"It's a 50/50 split between it having happened and not, could have gone either way and that's what makes it even better",0.4404,5
comment,i2x17yp,2s5ti,meirl,false,1648770593,https://old.reddit.com/r/meirl/comments/tt5aas/meirl/i2x17yp/,"We'll all die in the end anyway, why not live a life and do things you want to do instead of teacher wanting to live longer and sacrificing those things?",-0.5574,7
comment,i2x1571,2s5ti,meirl,false,1648770558,https://old.reddit.com/r/meirl/comments/tswh3j/meirl/i2x1571/,3,,1
comment,i2x13yu,2s5ti,meirl,false,1648770544,https://old.reddit.com/r/meirl/comments/tt5aas/meirl/i2x13yu/,"Maybe so. I don't necessarily disagree with that. But as a GENERAL rule of thumb, you shouldn't leave work early to smoke. That's all I'm saying. Mental health days are an exception, I think.",0.2057,-4
comment,i2x13i5,2s5ti,meirl,false,1648770538,https://old.reddit.com/r/meirl/comments/tt9e1u/meirl/i2x13i5/,"To be fair, I still wouldn't pick up.",0.3182,6
comment,i2x12iq,2s5ti,meirl,false,1648770527,https://old.reddit.com/r/meirl/comments/tswh3j/meirl/i2x12iq/,Yes,,1
comment,i2x11x8,2s5ti,meirl,false,1648770519,https://old.reddit.com/r/meirl/comments/tsvvmw/meirl/i2x11x8/,?,,1
comment,i2x11s6,2s5ti,meirl,false,1648770517,https://old.reddit.com/r/meirl/comments/tt5aas/meirl/i2x11s6/,"If that person is happy in life, financially stable and doesn't have a reason not to do that then how is it up to you or me to decide whether or not that is a good decision?",0.8316,8
comment,i2x0z7d,2s5ti,meirl,false,1648770484,https://old.reddit.com/r/meirl/comments/tswh3j/meirl/i2x0z7d/,2 and 3.,,1
comment,i2x0y1s,2s5ti,meirl,false,1648770470,https://old.reddit.com/r/meirl/comments/tswh3j/meirl/i2x0y1s/,And HOW deep it is,0.0,1
comment,i2x0wiu,2s5ti,meirl,false,1648770451,https://old.reddit.com/r/meirl/comments/tswh3j/meirl/i2x0wiu/,Depends if I'm already wet or not,0.0,1
comment,i2x0vji,2s5ti,meirl,false,1648770438,https://old.reddit.com/r/meirl/comments/tt7c2h/meirl/i2x0vji/,"Not really, but I'm a jerk a lot of the time.",-0.4767,0
comment,i2x0utu,2s5ti,meirl,false,1648770430,https://old.reddit.com/r/meirl/comments/tt5aas/meirl/i2x0utu/,That sounds like awesome decision making if one needs a mental health day or something. I did that the other week and my boss isn't even a pain. Sometimes you just need to destress.,0.852,16
comment,i2x0qkv,2s5ti,meirl,false,1648770377,https://old.reddit.com/r/meirl/comments/tsv13u/meirl/i2x0qkv/,Would pay extra for this line as well,0.1779,1
comment,i2x0ntd,2s5ti,meirl,false,1648770342,https://old.reddit.com/r/meirl/comments/tt5aas/meirl/i2x0ntd/,"It's a plant, can it not be grown indoors? I assume it simply isn't because it isn't a very high yield plant like cannabis is. I imagine it takes a great deal of leaves to extract any appreciable quantity of cocaine hydrochloride.",0.765,4
comment,i2x0ngd,2s5ti,meirl,false,1648770337,https://old.reddit.com/r/meirl/comments/tsym57/meirl/i2x0ngd/,"JOKES ON YOU, I'M NOT EVEN AN ADULT YET AND I LOVE SLEEPING",0.7351,2
comment,i2x0keq,2s5ti,meirl,false,1648770299,https://old.reddit.com/r/meirl/comments/tt1tbb/meirl/i2x0keq/,i once convinced some kids my oreo milkshake was ranch,0.4019,6
comment,i2x0kce,2s5ti,meirl,false,1648770298,https://old.reddit.com/r/meirl/comments/tsu5l4/meirl/i2x0kce/,üçÖ,,1
comment,i2x0jw7,2s5ti,meirl,false,1648770293,https://old.reddit.com/r/meirl/comments/tswh3j/meirl/i2x0jw7/,I'm always doing some dumb shit in shallow water. Catch me crab walking.,-0.7845,1
comment,i2x0dnz,2s5ti,meirl,false,1648770218,https://old.reddit.com/r/meirl/comments/tt9jsj/meirl/i2x0dnz/,"I particularly like when it gradually gets shallower as I walk and I just keep shrinking university until I'm number 1, but I don't even know I'm doing it. Then I realize it and I just stand up like an idiot.",-0.0396,1
comment,i2x0cwv,2s5ti,meirl,false,1648770209,https://old.reddit.com/r/meirl/comments/tswh3j/meirl/i2x0cwv/,[removed],,1
comment,i2x0cyd,2s5ti,meirl,false,1648770209,https://old.reddit.com/r/meirl/comments/tswh3j/meirl/i2x0cyd/,Nah i hunch over and do the godzilla,-0.1027,1
comment,i2x0axq,2s5ti,meirl,false,1648770185,https://old.reddit.com/r/meirl/comments/tsxq41/meirl/i2x0axq/,That‚Äôs me!!! ‚Ä¶ but it‚Äôs even worse ‚Ä¶ ‚Ä¶ I just turned 40.,-0.7207,1
comment,i2x0934,2s5ti,meirl,false,1648770162,https://old.reddit.com/r/meirl/comments/ttb8c3/me_irl/i2x0934/,facebook leaking again,0.0,19
comment,i2x08jz,2s5ti,meirl,false,1648770155,https://old.reddit.com/r/meirl/comments/tsw83z/me_irl/i2x08jz/,"i'd point directly at my coworkers and say that's them!

what are they gonna do? talk behind my back? lmao",0.6759,6
comment,i2x080a,2s5ti,meirl,false,1648770148,https://old.reddit.com/r/meirl/comments/tswh3j/meirl/i2x080a/,"Wow, I came here to say this honestly. Did not expect it to be top comment. Love doing that shit in the river while approaching the beach.",0.8658,1
comment,i2x07p4,2s5ti,meirl,false,1648770144,https://old.reddit.com/r/meirl/comments/tt1tbb/meirl/i2x07p4/,"When me and my brother were little, everytime he saw me eating something he hasn't seen before I would say that it's spicy and bitter",-0.4215,7
comment,i2x07aw,2s5ti,meirl,false,1648770140,https://old.reddit.com/r/meirl/comments/tt7i87/meirl/i2x07aw/,"Trudope: Order me a giant duck.   
Taxpehyer: That will cost 200,000 of our Monopoly dollars!  
Trudope: Put it on my bill.",0.0,-3
comment,i2x04vh,2s5ti,meirl,false,1648770109,https://old.reddit.com/r/meirl/comments/tswh3j/meirl/i2x04vh/,"Right one, and bottom one head first",0.0,2
comment,i2x04kp,2s5ti,meirl,false,1648770105,https://old.reddit.com/r/meirl/comments/tskaf0/meirl/i2x04kp/,"I know, but I still feel like an alligator for whatever reason",0.5023,1
comment,i2wzzzl,2s5ti,meirl,false,1648770048,https://old.reddit.com/r/meirl/comments/tswh3j/meirl/i2wzzzl/,Hooray to water gravity,0.5106,1
comment,i2wzyf1,2s5ti,meirl,false,1648770028,https://old.reddit.com/r/meirl/comments/tt5aas/meirl/i2wzyf1/,Reddit moment.,,8
comment,i2wzybu,2s5ti,meirl,false,1648770027,https://old.reddit.com/r/meirl/comments/tswh3j/meirl/i2wzybu/,"2, I feel more balanced",0.0,1
comment,i2wzy5q,2s5ti,meirl,false,1648770025,https://old.reddit.com/r/meirl/comments/tt5aas/meirl/i2wzy5q/,Somebody get this guy a blue hat. He's doing not-god's work.,0.0,-1
comment,i2wzqta,2s5ti,meirl,false,1648769933,https://old.reddit.com/r/meirl/comments/tt9v20/meirl/i2wzqta/,This is perfect student,0.5719,2
comment,i2wzq47,2s5ti,meirl,false,1648769924,https://old.reddit.com/r/meirl/comments/tswh3j/meirl/i2wzq47/,This is the way,0.0,1
comment,i2wzq0d,2s5ti,meirl,false,1648769922,https://old.reddit.com/r/meirl/comments/tswh3j/meirl/i2wzq0d/,[removed],,1
comment,i2wzih7,2s5ti,meirl,false,1648769829,https://old.reddit.com/r/meirl/comments/tt9e1u/meirl/i2wzih7/,"I live in Asia and never really understood USA's call dependency. Like fuck, I get anxiety literally when someone tries to call me without even chatting me their purpose.",-0.4019,1
comment,i2wzc6g,2s5ti,meirl,false,1648769750,https://old.reddit.com/r/meirl/comments/tt5aas/meirl/i2wzc6g/,r/antiwork,,2
comment,i2wza6v,2s5ti,meirl,false,1648769725,https://old.reddit.com/r/meirl/comments/tt5aas/meirl/i2wza6v/,"EZ, buy enough drugs to sell to pay your bills and do some drugs.",-0.1027,1
comment,i2wz9r0,2s5ti,meirl,false,1648769719,https://old.reddit.com/r/meirl/comments/tt5aas/meirl/i2wz9r0/,"Is it that crazy? I mean, this seems relatively simple. Skipping off work to smoke isn't morally a great thing. I mean, there's a billion arguments for ""well, my boss is a pain so that justifies my actions"" and that's it's own thing, but with just the sentence of ""I left work early to go smoke""... then no. That doesn't seem like very good decision making.",-0.301,-12
comment,i2wz9jl,2s5ti,meirl,false,1648769717,https://old.reddit.com/r/meirl/comments/tswh3j/meirl/i2wz9jl/,That's me trying floating,0.0,1
comment,i2wz9h5,2s5ti,meirl,false,1648769716,https://old.reddit.com/r/meirl/comments/tt5aas/meirl/i2wz9h5/,How do I volunteer?,0.0,10
comment,i2wz2p7,2s5ti,meirl,false,1648769634,https://old.reddit.com/r/meirl/comments/tt5aas/meirl/i2wz2p7/,Pathetic,-0.5719,-4
comment,i2wyze4,2s5ti,meirl,false,1648769593,https://old.reddit.com/r/meirl/comments/tmvxmj/meirl/i2wyze4/,Yes you would. Glad your kind is dying off and being replaced by real thinkers. Bye.,0.8442,1
comment,i2wyz8e,2s5ti,meirl,false,1648769591,https://old.reddit.com/r/meirl/comments/tswh3j/meirl/i2wyz8e/,How does anyone do number 1. You just gonna fall over and its cold,0.0772,1
comment,i2wyyfh,2s5ti,meirl,false,1648769581,https://old.reddit.com/r/meirl/comments/tswh3j/meirl/i2wyyfh/,I've done all three of those examples.,0.0,1
comment,i2wyvj0,2s5ti,meirl,false,1648769544,https://old.reddit.com/r/meirl/comments/tt5aas/meirl/i2wyvj0/,Grift,,1
comment,i2wyu27,2s5ti,meirl,false,1648769526,https://old.reddit.com/r/meirl/comments/tswh3j/meirl/i2wyu27/,All of the above,0.0,1
comment,i2wytko,2s5ti,meirl,false,1648769520,https://old.reddit.com/r/meirl/comments/tt5aas/meirl/i2wytko/,I would lol,,4
comment,i2wyt35,2s5ti,meirl,false,1648769515,https://old.reddit.com/r/meirl/comments/tt9v20/meirl/i2wyt35/,I see you bruh,,2
comment,i2wysof,2s5ti,meirl,false,1648769509,https://old.reddit.com/r/meirl/comments/tt5aas/meirl/i2wysof/,[removed],,-3
comment,i2wyrks,2s5ti,meirl,false,1648769496,https://old.reddit.com/r/meirl/comments/tt9v20/meirl/i2wyrks/,I feel.seen,,3
comment,i2wyhj7,2s5ti,meirl,false,1648769372,https://old.reddit.com/r/meirl/comments/tt5aas/meirl/i2wyhj7/,ìÇ∫ìÄà,,4
comment,i2wybaa,2s5ti,meirl,false,1648769295,https://old.reddit.com/r/meirl/comments/tt5aas/meirl/i2wybaa/,You sound fun,0.5106,7
comment,i2wyac3,2s5ti,meirl,false,1648769283,https://old.reddit.com/r/meirl/comments/tt5aas/meirl/i2wyac3/,[NEXT JOKE ORIGIN](https://www.reddit.com/r/ChoosingBeggars/comments/7kr5as/i_need_a_free_100mile_bus_trip_for_20_people_and/),0.4466,3
comment,i2wy9fv,2s5ti,meirl,false,1648769272,https://old.reddit.com/r/meirl/comments/tt5aas/meirl/i2wy9fv/,[removed],,1
comment,i2wy9aq,2s5ti,meirl,false,1648769270,https://old.reddit.com/r/meirl/comments/tt5aas/meirl/i2wy9aq/,"Weed junkie here - I bet I pay more in taxes than you, and I'm confident I do more charity work than you. NEXT! 

You should try a little sometime. It might make all of your contributions to playing video games a bit more fun :)",0.9307,8
comment,i2wy641,2s5ti,meirl,false,1648769231,https://old.reddit.com/r/meirl/comments/tsw83z/me_irl/i2wy641/,Real and true story,,1
comment,i2wy5gi,2s5ti,meirl,false,1648769223,https://old.reddit.com/r/meirl/comments/tswh3j/meirl/i2wy5gi/,I like keeping everything below my head under water so I stay used to it,0.3612,1
comment,i2wy5bu,2s5ti,meirl,false,1648769221,https://old.reddit.com/r/meirl/comments/tswh3j/meirl/i2wy5bu/,2nd top picture LOL,0.6523,1
comment,i2wy4yj,2s5ti,meirl,false,1648769216,https://old.reddit.com/r/meirl/comments/tswh3j/meirl/i2wy4yj/,With my knees.,0.0,1
comment,i2wy3ti,2s5ti,meirl,false,1648769202,https://old.reddit.com/r/meirl/comments/tswh3j/meirl/i2wy3ti/,Number 2 gang,,1
comment,i2wy3ff,2s5ti,meirl,false,1648769198,https://old.reddit.com/r/meirl/comments/tt9v20/meirl/i2wy3ff/,r/mildlyboobs,,29
comment,i2wy1ki,2s5ti,meirl,false,1648769175,https://old.reddit.com/r/meirl/comments/tswh3j/meirl/i2wy1ki/,Normally like to do the 3rd one but I actually put my legs behind me,0.1901,1
comment,i2wy17f,2s5ti,meirl,false,1648769170,https://old.reddit.com/r/meirl/comments/tt9v20/meirl/i2wy17f/,[deleted],,1
comment,i2wxzua,2s5ti,meirl,false,1648769154,https://old.reddit.com/r/meirl/comments/tt5aas/meirl/i2wxzua/,Community coke lab,0.0,30
comment,i2wxy9w,2s5ti,meirl,false,1648769135,https://old.reddit.com/r/meirl/comments/tt7i87/meirl/i2wxy9w/,"Not a fan student of politicians, eh?",-0.2411,2
comment,i2wxy1i,2s5ti,meirl,false,1648769132,https://old.reddit.com/r/meirl/comments/tt5aas/meirl/i2wxy1i/,What a stupid idea,,5
comment,i2wxqxa,2s5ti,meirl,false,1648769047,https://old.reddit.com/r/meirl/comments/tt5aas/meirl/i2wxqxa/,Downvotes are for being a judgmental asshole sitting upon a high horse.,0.0,13
comment,i2wxqhp,2s5ti,meirl,false,1648769042,https://old.reddit.com/r/meirl/comments/tt7igz/meirl/i2wxqhp/,"""I'll let you replicate my assignment as long as you tweak it slightly to make it less noticeable.""",0.0,3
comment,i2wxpw5,2s5ti,meirl,false,1648769035,https://old.reddit.com/r/meirl/comments/tt5aas/meirl/i2wxpw5/,[removed],,1
comment,i2wxhnj,2s5ti,meirl,false,1648768936,https://old.reddit.com/r/meirl/comments/tswh3j/meirl/i2wxhnj/,It‚Äôs crabs all the way down,0.0,3
comment,i2wxftn,2s5ti,meirl,false,1648768914,https://old.reddit.com/r/meirl/comments/tswh3j/meirl/i2wxftn/,MEEEE,,1
comment,i2wxey9,2s5ti,meirl,false,1648768904,https://old.reddit.com/r/meirl/comments/tswh3j/meirl/i2wxey9/,"Third, but chest down",0.0,1
comment,i2wxeuj,2s5ti,meirl,false,1648768902,https://old.reddit.com/r/meirl/comments/tswh3j/meirl/i2wxeuj/,Opposite of the bottom one... face first,0.0,1
comment,i2wxe2e,2s5ti,meirl,false,1648768893,https://old.reddit.com/r/meirl/comments/tswh3j/meirl/i2wxe2e/,We‚Äôre literally all the same people and did all of the same weird things growing up.,0.0,1
comment,i2wxdsn,2s5ti,meirl,false,1648768889,https://old.reddit.com/r/meirl/comments/tswh3j/meirl/i2wxdsn/,That‚Äôs why deadman‚Äôs float is a thing,0.0,1
comment,i2wxb3r,2s5ti,meirl,false,1648768856,https://old.reddit.com/r/meirl/comments/tt9v20/meirl/i2wxb3r/,Sleep naked and you get two,0.0,8
comment,i2wxanr,2s5ti,meirl,false,1648768851,https://old.reddit.com/r/meirl/comments/tswh3j/meirl/i2wxanr/,"I find shallow water so uncomfortable, because you have to stand up if you want to move quick, but it means basically your whole body feels so exposed and cold. But then it's too shallow to be fully submerged without looking like a weirdo.",-0.8594,1
comment,i2wxa78,2s5ti,meirl,false,1648768846,https://old.reddit.com/r/meirl/comments/tt5aas/meirl/i2wxa78/,"The post is about being a drug addict lmao. . But all the sad little potheads took it personal, not my student fucking problem .",0.1311,0
